{"hours": ["02", "04", "06", "08", "10", "12", "14", "16", "18", 20, 22, 24, "02", "04", "06", "08", "10", "12", "14", "16", "18", 20, 22, 24, "02", "04", "06", "08", "10", "12", "14", "16", "18", 20, 22, 24], "cnt_task": [5, 10, 18, 25, 6, 13, 21, 28, 6, 13, 19, 25, 8, 16, 23, 30, 6, 14, 21, 27, 7, 15, 22, 28, 7, 13, 20, 28, 6, 14, 22, 28, 6, 14, 20, 26], "level": ["5,9-5,8", "6,6-6,2", "6,3-6,0", "6,1-5,9", "6,4-6,6", "6,6-6,7", "6,1-6", "6,3-6,4", "6,3-6,7", "6,3-6,3", "6,2-6,5", "6,8-6,0", "6,3-6,8", "6,5-6,9", "6,6-6,8", "6,2-6,4", "6,1-6,3", "6,4-6,6", "6,2-6,2", "6,8-6,1", "6,4-6,5", "6,0-5,7", "6,2-7,4", "6,2-6,7", "6,0-5,7", "6,3-6,6", "6,3-6,8", "6,2-5,8", "6,5-6,8", "6,1-6,4", "5,8-5,4", "6,2-5,3", "6,2-6,6", "6,0-5,9", "6,1-6,5", "6,2-6,6"], "hot_blow": [350, 383, 367, 350, 400, 383, 383, 367, 400, 367, 400, 383, 367, 400, 400, 350, 400, 383, 383, 400, 383, 367, 400, 400, 383, 383, 383, 367, 400, 383, 367, 400, 383, 383, 383, 400], "p_hot_blow": [0.72, 0.72, 0.74, 0.74, 0.7, 0.72, 0.74, 0.74, 0.7, 0.73, 0.71, 0.71, 0.72, 0.7, 0.7, 0.7, 0.72, 0.72, 0.72, 0.7, 0.72, 0.7, 0.72, 0.7, 0.72, 0.72, 0.72, 0.72, 0.7, 0.72, 0.75, 0.7, 0.7, 0.72, 0.72, 0.7], "t_hot_blow": [1111, 1175, 1174, 1165, 1130, 1183, 1177, 1168, 1147, 1120, 1178, 1178, 1170, 1139, 1188, 1180, 1174, 1144, 1114, 1181, 1177, 1164, 1140, 1180, 1179, 1174, 1153, 1128, 1186, 1176, 1161, 1136, 1188, 1179, 1169, 1150], "p_koloshnik": [0.28, 0.32, 0.32, 0.32, 0.34, 0.34, 0.32, 0.34, 0.32, 0.32, 0.32, 0.32, 0.32, 0.32, 0.32, 0.3, 0.32, 0.3, 0.32, 0.3, 0.32, 0.3, 0.34, 0.32, 0.32, 0.34, 0.34, 0.32, 0.32, 0.32, 0.32, 0.32, 0.32, 0.32, 0.32, 0.32], "dp": [0.43999999999999995, 0.39999999999999997, 0.42, 0.42, 0.35999999999999993, 0.37999999999999995, 0.42, 0.39999999999999997, 0.37999999999999995, 0.41, 0.38999999999999996, 0.38999999999999996, 0.39999999999999997, 0.37999999999999995, 0.37999999999999995, 0.39999999999999997, 0.39999999999999997, 0.42, 0.39999999999999997, 0.39999999999999997, 0.39999999999999997, 0.39999999999999997, 0.37999999999999995, 0.37999999999999995, 0.39999999999999997, 0.37999999999999995, 0.37999999999999995, 0.39999999999999997, 0.37999999999999995, 0.39999999999999997, 0.43, 0.37999999999999995, 0.37999999999999995, 0.39999999999999997, 0.39999999999999997, 0.37999999999999995], "t_koloshnik": [550, 550, 550, 630, 630, 600, 600, 630, 600, 600, 600, 600, 560, 560, 560, 560, 560, 530, 530, 530, 530, 560, 560, 560, 560, 560, 590, 590, 550, 550, 620, 620, 620, 650, 650, 650], "type_air_blow": ["\u042d\u0412\u0414 3", "\u042d\u0412\u0414 3", "\u042d\u0412\u0414 3", "\u042d\u0412\u0414 3", "\u042d\u0412\u0414 3", "\u042d\u0412\u0414 3", "\u042d\u0412\u0414 3", "\u042d\u0412\u0414 3", "\u042d\u0412\u0414 3", "\u042d\u0412\u0414 3", "\u042d\u0412\u0414 3", "\u042d\u0412\u0414 3", "\u042d\u0412\u0414 3", "\u042d\u0412\u0414 3", "\u042d\u0412\u0414 3", "\u042d\u0412\u0414 3", "\u042d\u0412\u0414 3", "\u042d\u0412\u0414 3", "\u042d\u0412\u0414 3", "\u042d\u0412\u0414 3", "\u042d\u0412\u0414 3", "\u042d\u0412\u0414 3", "\u042d\u0412\u0414 3", "\u042d\u0412\u0414 3", "\u042d\u0412\u0414 3", "\u042d\u0412\u0414 3", "\u042d\u0412\u0414 3", "\u042d\u0412\u0414 3", "\u042d\u0412\u0414 3", "\u042d\u0412\u0414 3", "\u042d\u0412\u0414 3", "\u042d\u0412\u0414 3", "\u042d\u0412\u0414 3", "\u042d\u0412\u0414 3", "\u042d\u0412\u0414 3", "\u042d\u0412\u0414 3"], "p_air_blow": [0.75, 0.75, 0.76, 0.7, 0.72, 0.75, 0.75, 0.75, 0.72, 0.75, 0.74, 0.76, 0.74, 0.72, 0.72, 0.7, 0.75, 0.7, 0.7, 0.7, 0.72, 0.75, 0.73, 0.72, 0.75, 0.77, 0.74, 0.75, 0.72, 0.75, 0.77, 0.73, 0.71, 0.71, 0.72, 0.7], "date": ["2020-08-20", "2020-08-20", "2020-08-20", "2020-08-20", "2020-08-20", "2020-08-20", "2020-08-20", "2020-08-20", "2020-08-20", "2020-08-20", "2020-08-20", "2020-08-20", "2020-08-21", "2020-08-21", "2020-08-21", "2020-08-21", "2020-08-21", "2020-08-21", "2020-08-21", "2020-08-21", "2020-08-21", "2020-08-21", "2020-08-21", "2020-08-21", "2020-08-22", "2020-08-22", "2020-08-22", "2020-08-22", "2020-08-22", "2020-08-22", "2020-08-22", "2020-08-22", "2020-08-22", "2020-08-22", "2020-08-22", "2020-08-22"]}